instance;optimal_cost;best_cost_found;MH_avg_cost;MH_avg_time;MH_GAP;RVND_avg_cost;RVND_avg_time;RVND_GAP;constr_heur_avg_cost;constr_heur_avg_time;constr_heur_GAP
ex_instance;360;360;360;0.0193648 s;0 %;198000;0.0192323 s;54900 %;18000;1.911e-05 s;4900 %
n60A;453;453;468;164.913 s;3.31126 %;6.1312e+06;164.901 s;1.35337 %;7.14782e+06;0.00209574 s;1.57779 %
n60B;1757;1773;1855;168.516 s;5.57769 %;3.01584e+07;168.504 s;1.71637 %;2.9827e+07;0.00212563 s;1.69751 %
n60C;0;0;0;29.5761 s;0 %;0;29.5711 s;0 %;7.08715e+06;0.00203392 s;0 %
n60D;69102;66484;66662.1;151.606 s;-3.53101 %;5.91226e+08;151.596 s;855484 %;2.05701e+07;0.00212215 s;29667.8 %
n60E;58935;57539;57680.7;139.764 s;-2.12946 %;4.68279e+08;139.754 s;794468 %;1.64729e+07;0.00209725 s;27850.9 %
n60F;93045;88662;89469.8;148.113 s;-3.8433 %;8.12586e+08;148.102 s;873226 %;5.33587e+07;0.00208791 s;57247.2 %
n60G;64632;26438;26715.7;153.958 s;-58.666 %;2.35042e+08;153.948 s;363563 %;1.90525e+07;0.0020705 s;29378.5 %
